Customer ID,Gender,Age,City,Membership Type,Total Spend,Items Purchased,Average Rating,Discount Applied,Days Since Last Purchase,Satisfaction Level,Cluster,Segment,Marketing Strategy
101,Female,29,New York,Gold,1120.2,14,4.6,True,25,Satisfied,1,Gold High Value Customers,"Focus on retention, exclusive offers, loyalty benefits, and personalized promotions."
102,Male,34,Los Angeles,Silver,780.5,11,4.1,False,18,Neutral,2,Silver Regular Customers,Encourage repeat purchases through targeted recommendations and moderate promotions.
103,Female,43,Chicago,Bronze,510.75,9,3.4,True,42,Unsatisfied,5,Bronze Discount Customers,"Use targeted discounts, bundles, and personalized offers to increase purchase frequency."
104,Male,30,San Francisco,Gold,1480.3,19,4.7,False,12,Satisfied,3,Gold Premium Customers,"Provide premium products, VIP benefits, exclusive offers, and priority rewards."
105,Male,27,Miami,Silver,720.4,13,4.0,True,55,Unsatisfied,4,Silver Inactive Customers,"Use re-engagement campaigns, reminders, and limited-time offers to encourage return purchases."
106,Female,37,Houston,Bronze,440.8,8,3.1,False,22,Neutral,0,Bronze Regular Customers,Use personalized recommendations and loyalty rewards to encourage higher spending.
107,Female,31,New York,Gold,1150.6,15,4.5,True,28,Satisfied,1,Gold High Value Customers,"Focus on retention, exclusive offers, loyalty benefits, and personalized promotions."
108,Male,35,Los Angeles,Silver,800.9,12,4.2,False,14,Neutral,2,Silver Regular Customers,Encourage repeat purchases through targeted recommendations and moderate promotions.
109,Female,41,Chicago,Bronze,495.25,10,3.6,True,40,Unsatisfied,5,Bronze Discount Customers,"Use targeted discounts, bundles, and personalized offers to increase purchase frequency."
110,Male,28,San Francisco,Gold,1520.1,21,4.8,False,9,Satisfied,3,Gold Premium Customers,"Provide premium products, VIP benefits, exclusive offers, and priority rewards."
111,Male,32,Miami,Silver,690.3,11,3.8,True,34,Unsatisfied,6,Silver Moderate Customers,"Encourage repeat purchases using bundles, personalized recommendations, and loyalty incentives."
112,Female,36,Houston,Bronze,470.5,7,3.2,False,20,Neutral,0,Bronze Regular Customers,Use personalized recommendations and loyalty rewards to encourage higher spending.
113,Female,30,New York,Gold,1200.8,16,4.3,True,21,Satisfied,1,Gold High Value Customers,"Focus on retention, exclusive offers, loyalty benefits, and personalized promotions."
114,Male,33,Los Angeles,Silver,820.75,13,4.4,False,15,Satisfied,2,Silver Regular Customers,Encourage repeat purchases through targeted recommendations and moderate promotions.
115,Female,42,Chicago,Bronze,530.4,9,3.5,True,38,Unsatisfied,5,Bronze Discount Customers,"Use targeted discounts, bundles, and personalized offers to increase purchase frequency."
116,Male,29,San Francisco,Gold,1360.2,18,4.9,False,11,Satisfied,3,Gold Premium Customers,"Provide premium products, VIP benefits, exclusive offers, and priority rewards."
117,Male,26,Miami,Silver,700.6,12,3.7,True,48,Unsatisfied,4,Silver Inactive Customers,"Use re-engagement campaigns, reminders, and limited-time offers to encourage return purchases."
118,Female,38,Houston,Bronze,450.9,8,3.0,False,25,Neutral,0,Bronze Regular Customers,Use personalized recommendations and loyalty rewards to encourage higher spending.
119,Female,32,New York,Gold,1170.3,14,4.7,True,29,Satisfied,1,Gold High Value Customers,"Focus on retention, exclusive offers, loyalty benefits, and personalized promotions."
120,Male,34,Los Angeles,Silver,790.2,11,4.0,False,16,Neutral,2,Silver Regular Customers,Encourage repeat purchases through targeted recommendations and moderate promotions.
121,Female,43,Chicago,Bronze,505.75,10,3.3,True,41,Unsatisfied,5,Bronze Discount Customers,"Use targeted discounts, bundles, and personalized offers to increase purchase frequency."
122,Male,30,San Francisco,Gold,1470.5,20,4.8,False,13,Satisfied,3,Gold Premium Customers,"Provide premium products, VIP benefits, exclusive offers, and priority rewards."
123,Male,27,Miami,Silver,710.4,13,4.1,True,54,Unsatisfied,4,Silver Inactive Customers,"Use re-engagement campaigns, reminders, and limited-time offers to encourage return purchases."
124,Female,37,Houston,Bronze,430.8,7,3.4,False,23,Neutral,0,Bronze Regular Customers,Use personalized recommendations and loyalty rewards to encourage higher spending.
125,Female,31,New York,Gold,1140.6,15,4.6,True,27,Satisfied,1,Gold High Value Customers,"Focus on retention, exclusive offers, loyalty benefits, and personalized promotions."
126,Male,35,Los Angeles,Silver,810.9,12,4.3,False,13,Neutral,2,Silver Regular Customers,Encourage repeat purchases through targeted recommendations and moderate promotions.
127,Female,41,Chicago,Bronze,485.25,9,3.6,True,39,Unsatisfied,5,Bronze Discount Customers,"Use targeted discounts, bundles, and personalized offers to increase purchase frequency."
128,Male,28,San Francisco,Gold,1500.1,21,4.9,False,10,Satisfied,3,Gold Premium Customers,"Provide premium products, VIP benefits, exclusive offers, and priority rewards."
129,Male,32,Miami,Silver,670.3,10,3.8,True,33,Unsatisfied,6,Silver Moderate Customers,"Encourage repeat purchases using bundles, personalized recommendations, and loyalty incentives."
130,Female,36,Houston,Bronze,460.5,8,3.1,False,19,Neutral,0,Bronze Regular Customers,Use personalized recommendations and loyalty rewards to encourage higher spending.
131,Female,30,New York,Gold,1190.8,16,4.5,True,20,Satisfied,1,Gold High Value Customers,"Focus on retention, exclusive offers, loyalty benefits, and personalized promotions."
132,Male,33,Los Angeles,Silver,830.75,13,4.2,False,14,Satisfied,2,Silver Regular Customers,Encourage repeat purchases through targeted recommendations and moderate promotions.
133,Female,42,Chicago,Bronze,520.4,9,3.5,True,37,Unsatisfied,5,Bronze Discount Customers,"Use targeted discounts, bundles, and personalized offers to increase purchase frequency."
134,Male,29,San Francisco,Gold,1370.2,18,4.7,False,10,Satisfied,3,Gold Premium Customers,"Provide premium products, VIP benefits, exclusive offers, and priority rewards."
135,Male,26,Miami,Silver,690.6,12,3.9,True,47,Unsatisfied,4,Silver Inactive Customers,"Use re-engagement campaigns, reminders, and limited-time offers to encourage return purchases."
136,Female,38,Houston,Bronze,440.9,8,3.2,False,24,Neutral,0,Bronze Regular Customers,Use personalized recommendations and loyalty rewards to encourage higher spending.
137,Female,32,New York,Gold,1160.3,14,4.4,True,22,Satisfied,1,Gold High Value Customers,"Focus on retention, exclusive offers, loyalty benefits, and personalized promotions."
138,Male,34,Los Angeles,Silver,800.2,11,4.1,False,17,Neutral,2,Silver Regular Customers,Encourage repeat purchases through targeted recommendations and moderate promotions.
139,Female,43,Chicago,Bronze,500.75,10,3.3,True,40,Unsatisfied,5,Bronze Discount Customers,"Use targeted discounts, bundles, and personalized offers to increase purchase frequency."
140,Male,30,San Francisco,Gold,1460.5,20,4.8,False,12,Satisfied,3,Gold Premium Customers,"Provide premium products, VIP benefits, exclusive offers, and priority rewards."
141,Male,27,Miami,Silver,700.4,13,4.0,True,53,Unsatisfied,4,Silver Inactive Customers,"Use re-engagement campaigns, reminders, and limited-time offers to encourage return purchases."
142,Female,37,Houston,Bronze,420.8,7,3.1,False,21,Neutral,0,Bronze Regular Customers,Use personalized recommendations and loyalty rewards to encourage higher spending.
143,Female,31,New York,Gold,1130.6,15,4.5,True,26,Satisfied,1,Gold High Value Customers,"Focus on retention, exclusive offers, loyalty benefits, and personalized promotions."
144,Male,35,Los Angeles,Silver,820.9,12,4.3,False,12,Neutral,2,Silver Regular Customers,Encourage repeat purchases through targeted recommendations and moderate promotions.
145,Female,41,Chicago,Bronze,480.25,9,3.6,True,38,Unsatisfied,5,Bronze Discount Customers,"Use targeted discounts, bundles, and personalized offers to increase purchase frequency."
146,Male,28,San Francisco,Gold,1490.1,21,4.9,False,9,Satisfied,3,Gold Premium Customers,"Provide premium products, VIP benefits, exclusive offers, and priority rewards."
147,Male,32,Miami,Silver,680.3,10,3.8,True,32,Unsatisfied,6,Silver Moderate Customers,"Encourage repeat purchases using bundles, personalized recommendations, and loyalty incentives."
148,Female,36,Houston,Bronze,470.5,8,3.0,False,18,Neutral,0,Bronze Regular Customers,Use personalized recommendations and loyalty rewards to encourage higher spending.
149,Female,30,New York,Gold,1180.8,16,4.7,True,19,Satisfied,1,Gold High Value Customers,"Focus on retention, exclusive offers, loyalty benefits, and personalized promotions."
150,Male,34,Los Angeles,Silver,790.2,11,4.0,False,15,Neutral,2,Silver Regular Customers,Encourage repeat purchases through targeted recommendations and moderate promotions.
151,Female,43,Chicago,Bronze,505.75,10,3.3,True,39,Unsatisfied,5,Bronze Discount Customers,"Use targeted discounts, bundles, and personalized offers to increase purchase frequency."
152,Male,30,San Francisco,Gold,1470.5,20,4.8,False,13,Satisfied,3,Gold Premium Customers,"Provide premium products, VIP benefits, exclusive offers, and priority rewards."
153,Male,27,Miami,Silver,710.4,13,4.1,True,54,Unsatisfied,4,Silver Inactive Customers,"Use re-engagement campaigns, reminders, and limited-time offers to encourage return purchases."
154,Female,37,Houston,Bronze,430.8,7,3.4,False,23,Neutral,0,Bronze Regular Customers,Use personalized recommendations and loyalty rewards to encourage higher spending.
155,Female,31,New York,Gold,1140.6,15,4.6,True,27,Satisfied,1,Gold High Value Customers,"Focus on retention, exclusive offers, loyalty benefits, and personalized promotions."
156,Male,35,Los Angeles,Silver,810.9,12,4.3,False,13,Neutral,2,Silver Regular Customers,Encourage repeat purchases through targeted recommendations and moderate promotions.
157,Female,41,Chicago,Bronze,485.25,9,3.6,True,39,Unsatisfied,5,Bronze Discount Customers,"Use targeted discounts, bundles, and personalized offers to increase purchase frequency."
158,Male,28,San Francisco,Gold,1500.1,21,4.9,False,10,Satisfied,3,Gold Premium Customers,"Provide premium products, VIP benefits, exclusive offers, and priority rewards."
159,Male,32,Miami,Silver,670.3,10,3.8,True,33,Unsatisfied,6,Silver Moderate Customers,"Encourage repeat purchases using bundles, personalized recommendations, and loyalty incentives."
160,Female,36,Houston,Bronze,460.5,8,3.1,False,19,Neutral,0,Bronze Regular Customers,Use personalized recommendations and loyalty rewards to encourage higher spending.
161,Female,30,New York,Gold,1190.8,16,4.5,True,20,Satisfied,1,Gold High Value Customers,"Focus on retention, exclusive offers, loyalty benefits, and personalized promotions."
162,Male,33,Los Angeles,Silver,830.75,13,4.2,False,14,Satisfied,2,Silver Regular Customers,Encourage repeat purchases through targeted recommendations and moderate promotions.
163,Female,42,Chicago,Bronze,520.4,9,3.5,True,37,Unsatisfied,5,Bronze Discount Customers,"Use targeted discounts, bundles, and personalized offers to increase purchase frequency."
164,Male,29,San Francisco,Gold,1370.2,18,4.7,False,10,Satisfied,3,Gold Premium Customers,"Provide premium products, VIP benefits, exclusive offers, and priority rewards."
165,Male,26,Miami,Silver,690.6,12,3.9,True,47,Unsatisfied,4,Silver Inactive Customers,"Use re-engagement campaigns, reminders, and limited-time offers to encourage return purchases."
166,Female,38,Houston,Bronze,440.9,8,3.2,False,24,Neutral,0,Bronze Regular Customers,Use personalized recommendations and loyalty rewards to encourage higher spending.
167,Female,32,New York,Gold,1160.3,14,4.4,True,22,Satisfied,1,Gold High Value Customers,"Focus on retention, exclusive offers, loyalty benefits, and personalized promotions."
168,Male,34,Los Angeles,Silver,800.2,11,4.1,False,17,Neutral,2,Silver Regular Customers,Encourage repeat purchases through targeted recommendations and moderate promotions.
169,Female,43,Chicago,Bronze,500.75,10,3.3,True,40,Unsatisfied,5,Bronze Discount Customers,"Use targeted discounts, bundles, and personalized offers to increase purchase frequency."
170,Male,30,San Francisco,Gold,1460.5,20,4.8,False,12,Satisfied,3,Gold Premium Customers,"Provide premium products, VIP benefits, exclusive offers, and priority rewards."
171,Male,27,Miami,Silver,700.4,13,4.0,True,53,Unsatisfied,4,Silver Inactive Customers,"Use re-engagement campaigns, reminders, and limited-time offers to encourage return purchases."
172,Female,37,Houston,Bronze,420.8,7,3.1,False,21,Satisfied,0,Bronze Regular Customers,Use personalized recommendations and loyalty rewards to encourage higher spending.
173,Female,31,New York,Gold,1130.6,15,4.5,True,26,Satisfied,1,Gold High Value Customers,"Focus on retention, exclusive offers, loyalty benefits, and personalized promotions."
174,Male,35,Los Angeles,Silver,820.9,12,4.3,False,12,Neutral,2,Silver Regular Customers,Encourage repeat purchases through targeted recommendations and moderate promotions.
175,Female,41,Chicago,Bronze,480.25,9,3.6,True,38,Unsatisfied,5,Bronze Discount Customers,"Use targeted discounts, bundles, and personalized offers to increase purchase frequency."
176,Male,28,San Francisco,Gold,1490.1,21,4.9,False,9,Satisfied,3,Gold Premium Customers,"Provide premium products, VIP benefits, exclusive offers, and priority rewards."
177,Male,32,Miami,Silver,680.3,10,3.8,True,32,Unsatisfied,6,Silver Moderate Customers,"Encourage repeat purchases using bundles, personalized recommendations, and loyalty incentives."
178,Female,36,Houston,Bronze,470.5,8,3.0,False,18,Neutral,0,Bronze Regular Customers,Use personalized recommendations and loyalty rewards to encourage higher spending.
179,Female,30,New York,Gold,1180.8,16,4.7,True,19,Satisfied,1,Gold High Value Customers,"Focus on retention, exclusive offers, loyalty benefits, and personalized promotions."
180,Male,34,Los Angeles,Silver,790.2,11,4.0,False,15,Neutral,2,Silver Regular Customers,Encourage repeat purchases through targeted recommendations and moderate promotions.
181,Female,43,Chicago,Bronze,505.75,10,3.3,True,39,Unsatisfied,5,Bronze Discount Customers,"Use targeted discounts, bundles, and personalized offers to increase purchase frequency."
182,Male,30,San Francisco,Gold,1470.5,20,4.8,False,13,Satisfied,3,Gold Premium Customers,"Provide premium products, VIP benefits, exclusive offers, and priority rewards."
183,Male,27,Miami,Silver,710.4,13,4.1,True,54,Unsatisfied,4,Silver Inactive Customers,"Use re-engagement campaigns, reminders, and limited-time offers to encourage return purchases."
184,Female,37,Houston,Bronze,430.8,7,3.4,False,23,Neutral,0,Bronze Regular Customers,Use personalized recommendations and loyalty rewards to encourage higher spending.
185,Female,31,New York,Gold,1140.6,15,4.6,True,27,Satisfied,1,Gold High Value Customers,"Focus on retention, exclusive offers, loyalty benefits, and personalized promotions."
186,Male,35,Los Angeles,Silver,810.9,12,4.3,False,13,Neutral,2,Silver Regular Customers,Encourage repeat purchases through targeted recommendations and moderate promotions.
187,Female,41,Chicago,Bronze,485.25,9,3.6,True,39,Unsatisfied,5,Bronze Discount Customers,"Use targeted discounts, bundles, and personalized offers to increase purchase frequency."
188,Male,28,San Francisco,Gold,1500.1,21,4.9,False,10,Satisfied,3,Gold Premium Customers,"Provide premium products, VIP benefits, exclusive offers, and priority rewards."
189,Male,32,Miami,Silver,670.3,10,3.8,True,33,Unsatisfied,6,Silver Moderate Customers,"Encourage repeat purchases using bundles, personalized recommendations, and loyalty incentives."
190,Female,36,Houston,Bronze,460.5,8,3.1,False,19,Neutral,0,Bronze Regular Customers,Use personalized recommendations and loyalty rewards to encourage higher spending.
191,Female,30,New York,Gold,1190.8,16,4.5,True,20,Satisfied,1,Gold High Value Customers,"Focus on retention, exclusive offers, loyalty benefits, and personalized promotions."
192,Male,33,Los Angeles,Silver,830.75,13,4.2,False,14,Satisfied,2,Silver Regular Customers,Encourage repeat purchases through targeted recommendations and moderate promotions.
193,Female,42,Chicago,Bronze,520.4,9,3.5,True,37,Unsatisfied,5,Bronze Discount Customers,"Use targeted discounts, bundles, and personalized offers to increase purchase frequency."
194,Male,29,San Francisco,Gold,1370.2,18,4.7,False,10,Satisfied,3,Gold Premium Customers,"Provide premium products, VIP benefits, exclusive offers, and priority rewards."
195,Male,26,Miami,Silver,690.6,12,3.9,True,47,Unsatisfied,4,Silver Inactive Customers,"Use re-engagement campaigns, reminders, and limited-time offers to encourage return purchases."
196,Female,38,Houston,Bronze,440.9,8,3.2,False,24,Neutral,0,Bronze Regular Customers,Use personalized recommendations and loyalty rewards to encourage higher spending.
197,Female,32,New York,Gold,1160.3,14,4.4,True,22,Satisfied,1,Gold High Value Customers,"Focus on retention, exclusive offers, loyalty benefits, and personalized promotions."
198,Male,34,Los Angeles,Silver,800.2,11,4.1,False,17,Neutral,2,Silver Regular Customers,Encourage repeat purchases through targeted recommendations and moderate promotions.
199,Female,43,Chicago,Bronze,500.75,10,3.3,True,40,Unsatisfied,5,Bronze Discount Customers,"Use targeted discounts, bundles, and personalized offers to increase purchase frequency."
200,Male,30,San Francisco,Gold,1460.5,20,4.8,False,12,Satisfied,3,Gold Premium Customers,"Provide premium products, VIP benefits, exclusive offers, and priority rewards."
201,Male,27,Miami,Silver,700.4,13,4.0,True,53,Unsatisfied,4,Silver Inactive Customers,"Use re-engagement campaigns, reminders, and limited-time offers to encourage return purchases."
202,Female,37,Houston,Bronze,420.8,7,3.1,False,21,Neutral,0,Bronze Regular Customers,Use personalized recommendations and loyalty rewards to encourage higher spending.
203,Female,31,New York,Gold,1130.6,15,4.5,True,26,Satisfied,1,Gold High Value Customers,"Focus on retention, exclusive offers, loyalty benefits, and personalized promotions."
204,Male,35,Los Angeles,Silver,820.9,12,4.3,False,12,Neutral,2,Silver Regular Customers,Encourage repeat purchases through targeted recommendations and moderate promotions.
205,Female,41,Chicago,Bronze,480.25,9,3.6,True,38,Unsatisfied,5,Bronze Discount Customers,"Use targeted discounts, bundles, and personalized offers to increase purchase frequency."
206,Male,28,San Francisco,Gold,1490.1,21,4.9,False,9,Satisfied,3,Gold Premium Customers,"Provide premium products, VIP benefits, exclusive offers, and priority rewards."
207,Male,32,Miami,Silver,680.3,10,3.8,True,32,Unsatisfied,6,Silver Moderate Customers,"Encourage repeat purchases using bundles, personalized recommendations, and loyalty incentives."
208,Female,36,Houston,Bronze,470.5,8,3.0,False,18,Neutral,0,Bronze Regular Customers,Use personalized recommendations and loyalty rewards to encourage higher spending.
209,Female,30,New York,Gold,1180.8,16,4.7,True,19,Satisfied,1,Gold High Value Customers,"Focus on retention, exclusive offers, loyalty benefits, and personalized promotions."
210,Male,34,Los Angeles,Silver,790.2,11,4.0,False,15,Neutral,2,Silver Regular Customers,Encourage repeat purchases through targeted recommendations and moderate promotions.
211,Female,43,Chicago,Bronze,505.75,10,3.3,True,39,Unsatisfied,5,Bronze Discount Customers,"Use targeted discounts, bundles, and personalized offers to increase purchase frequency."
212,Male,30,San Francisco,Gold,1470.5,20,4.8,False,13,Satisfied,3,Gold Premium Customers,"Provide premium products, VIP benefits, exclusive offers, and priority rewards."
213,Male,27,Miami,Silver,710.4,13,4.1,True,54,Unsatisfied,4,Silver Inactive Customers,"Use re-engagement campaigns, reminders, and limited-time offers to encourage return purchases."
214,Female,37,Houston,Bronze,430.8,7,3.4,False,23,Neutral,0,Bronze Regular Customers,Use personalized recommendations and loyalty rewards to encourage higher spending.
215,Female,31,New York,Gold,1140.6,15,4.6,True,27,Satisfied,1,Gold High Value Customers,"Focus on retention, exclusive offers, loyalty benefits, and personalized promotions."
216,Male,35,Los Angeles,Silver,810.9,12,4.3,False,13,Neutral,2,Silver Regular Customers,Encourage repeat purchases through targeted recommendations and moderate promotions.
217,Female,41,Chicago,Bronze,485.25,9,3.6,True,39,Unsatisfied,5,Bronze Discount Customers,"Use targeted discounts, bundles, and personalized offers to increase purchase frequency."
218,Male,28,San Francisco,Gold,1500.1,21,4.9,False,10,Satisfied,3,Gold Premium Customers,"Provide premium products, VIP benefits, exclusive offers, and priority rewards."
219,Male,32,Miami,Silver,670.3,10,3.8,True,33,Unsatisfied,6,Silver Moderate Customers,"Encourage repeat purchases using bundles, personalized recommendations, and loyalty incentives."
220,Female,36,Houston,Bronze,460.5,8,3.1,False,19,Neutral,0,Bronze Regular Customers,Use personalized recommendations and loyalty rewards to encourage higher spending.
221,Female,30,New York,Gold,1190.8,16,4.5,True,20,Satisfied,1,Gold High Value Customers,"Focus on retention, exclusive offers, loyalty benefits, and personalized promotions."
222,Male,33,Los Angeles,Silver,830.75,13,4.2,False,14,Satisfied,2,Silver Regular Customers,Encourage repeat purchases through targeted recommendations and moderate promotions.
223,Female,42,Chicago,Bronze,520.4,9,3.5,True,37,Unsatisfied,5,Bronze Discount Customers,"Use targeted discounts, bundles, and personalized offers to increase purchase frequency."
224,Male,29,San Francisco,Gold,1370.2,18,4.7,False,10,Satisfied,3,Gold Premium Customers,"Provide premium products, VIP benefits, exclusive offers, and priority rewards."
225,Male,26,Miami,Silver,690.6,12,3.9,True,47,Unsatisfied,4,Silver Inactive Customers,"Use re-engagement campaigns, reminders, and limited-time offers to encourage return purchases."
226,Female,38,Houston,Bronze,440.9,8,3.2,False,24,Neutral,0,Bronze Regular Customers,Use personalized recommendations and loyalty rewards to encourage higher spending.
227,Female,32,New York,Gold,1160.3,14,4.4,True,22,Satisfied,1,Gold High Value Customers,"Focus on retention, exclusive offers, loyalty benefits, and personalized promotions."
228,Male,34,Los Angeles,Silver,800.2,11,4.1,False,17,Neutral,2,Silver Regular Customers,Encourage repeat purchases through targeted recommendations and moderate promotions.
229,Female,43,Chicago,Bronze,500.75,10,3.3,True,40,Unsatisfied,5,Bronze Discount Customers,"Use targeted discounts, bundles, and personalized offers to increase purchase frequency."
230,Male,30,San Francisco,Gold,1460.5,20,4.8,False,12,Satisfied,3,Gold Premium Customers,"Provide premium products, VIP benefits, exclusive offers, and priority rewards."
231,Male,27,Miami,Silver,700.4,13,4.0,True,53,Unsatisfied,4,Silver Inactive Customers,"Use re-engagement campaigns, reminders, and limited-time offers to encourage return purchases."
232,Female,37,Houston,Bronze,420.8,7,3.1,False,21,Neutral,0,Bronze Regular Customers,Use personalized recommendations and loyalty rewards to encourage higher spending.
233,Female,31,New York,Gold,1130.6,15,4.5,True,26,Satisfied,1,Gold High Value Customers,"Focus on retention, exclusive offers, loyalty benefits, and personalized promotions."
234,Male,35,Los Angeles,Silver,820.9,12,4.3,False,12,Neutral,2,Silver Regular Customers,Encourage repeat purchases through targeted recommendations and moderate promotions.
235,Female,41,Chicago,Bronze,480.25,9,3.6,True,38,Unsatisfied,5,Bronze Discount Customers,"Use targeted discounts, bundles, and personalized offers to increase purchase frequency."
236,Male,28,San Francisco,Gold,1490.1,21,4.9,False,9,Satisfied,3,Gold Premium Customers,"Provide premium products, VIP benefits, exclusive offers, and priority rewards."
237,Male,32,Miami,Silver,680.3,10,3.8,True,32,Unsatisfied,6,Silver Moderate Customers,"Encourage repeat purchases using bundles, personalized recommendations, and loyalty incentives."
238,Female,36,Houston,Bronze,470.5,8,3.0,False,18,Neutral,0,Bronze Regular Customers,Use personalized recommendations and loyalty rewards to encourage higher spending.
239,Female,30,New York,Gold,1180.8,16,4.7,True,19,Satisfied,1,Gold High Value Customers,"Focus on retention, exclusive offers, loyalty benefits, and personalized promotions."
240,Male,34,Los Angeles,Silver,790.2,11,4.0,False,15,Neutral,2,Silver Regular Customers,Encourage repeat purchases through targeted recommendations and moderate promotions.
241,Female,43,Chicago,Bronze,505.75,10,3.3,True,39,Unsatisfied,5,Bronze Discount Customers,"Use targeted discounts, bundles, and personalized offers to increase purchase frequency."
242,Male,30,San Francisco,Gold,1470.5,20,4.8,False,13,Satisfied,3,Gold Premium Customers,"Provide premium products, VIP benefits, exclusive offers, and priority rewards."
243,Male,27,Miami,Silver,710.4,13,4.1,True,54,Unsatisfied,4,Silver Inactive Customers,"Use re-engagement campaigns, reminders, and limited-time offers to encourage return purchases."
244,Female,37,Houston,Bronze,430.8,7,3.4,False,23,Satisfied,0,Bronze Regular Customers,Use personalized recommendations and loyalty rewards to encourage higher spending.
245,Female,31,New York,Gold,1130.6,15,4.5,True,26,Satisfied,1,Gold High Value Customers,"Focus on retention, exclusive offers, loyalty benefits, and personalized promotions."
246,Male,35,Los Angeles,Silver,820.9,12,4.3,False,12,Neutral,2,Silver Regular Customers,Encourage repeat purchases through targeted recommendations and moderate promotions.
247,Female,41,Chicago,Bronze,480.25,9,3.6,True,38,Unsatisfied,5,Bronze Discount Customers,"Use targeted discounts, bundles, and personalized offers to increase purchase frequency."
248,Male,28,San Francisco,Gold,1490.1,21,4.9,False,9,Satisfied,3,Gold Premium Customers,"Provide premium products, VIP benefits, exclusive offers, and priority rewards."
249,Male,32,Miami,Silver,680.3,10,3.8,True,32,Unsatisfied,6,Silver Moderate Customers,"Encourage repeat purchases using bundles, personalized recommendations, and loyalty incentives."
250,Female,36,Houston,Bronze,470.5,8,3.0,False,18,Neutral,0,Bronze Regular Customers,Use personalized recommendations and loyalty rewards to encourage higher spending.
251,Female,30,New York,Gold,1180.8,16,4.7,True,19,Satisfied,1,Gold High Value Customers,"Focus on retention, exclusive offers, loyalty benefits, and personalized promotions."
252,Male,34,Los Angeles,Silver,790.2,11,4.0,False,15,Neutral,2,Silver Regular Customers,Encourage repeat purchases through targeted recommendations and moderate promotions.
253,Female,43,Chicago,Bronze,505.75,10,3.3,True,39,Unsatisfied,5,Bronze Discount Customers,"Use targeted discounts, bundles, and personalized offers to increase purchase frequency."
254,Male,30,San Francisco,Gold,1470.5,20,4.8,False,13,Satisfied,3,Gold Premium Customers,"Provide premium products, VIP benefits, exclusive offers, and priority rewards."
255,Male,27,Miami,Silver,710.4,13,4.1,True,54,Unsatisfied,4,Silver Inactive Customers,"Use re-engagement campaigns, reminders, and limited-time offers to encourage return purchases."
256,Female,37,Houston,Bronze,430.8,7,3.4,False,23,Neutral,0,Bronze Regular Customers,Use personalized recommendations and loyalty rewards to encourage higher spending.
257,Female,31,New York,Gold,1140.6,15,4.6,True,27,Satisfied,1,Gold High Value Customers,"Focus on retention, exclusive offers, loyalty benefits, and personalized promotions."
258,Male,35,Los Angeles,Silver,810.9,12,4.3,False,13,Neutral,2,Silver Regular Customers,Encourage repeat purchases through targeted recommendations and moderate promotions.
259,Female,41,Chicago,Bronze,485.25,9,3.6,True,39,Unsatisfied,5,Bronze Discount Customers,"Use targeted discounts, bundles, and personalized offers to increase purchase frequency."
260,Male,28,San Francisco,Gold,1500.1,21,4.9,False,10,Satisfied,3,Gold Premium Customers,"Provide premium products, VIP benefits, exclusive offers, and priority rewards."
261,Male,32,Miami,Silver,670.3,10,3.8,True,33,Unsatisfied,6,Silver Moderate Customers,"Encourage repeat purchases using bundles, personalized recommendations, and loyalty incentives."
262,Female,36,Houston,Bronze,460.5,8,3.1,False,19,Neutral,0,Bronze Regular Customers,Use personalized recommendations and loyalty rewards to encourage higher spending.
263,Female,30,New York,Gold,1190.8,16,4.5,True,20,Satisfied,1,Gold High Value Customers,"Focus on retention, exclusive offers, loyalty benefits, and personalized promotions."
264,Male,33,Los Angeles,Silver,830.75,13,4.2,False,14,Satisfied,2,Silver Regular Customers,Encourage repeat purchases through targeted recommendations and moderate promotions.
265,Female,42,Chicago,Bronze,520.4,9,3.5,True,37,Unsatisfied,5,Bronze Discount Customers,"Use targeted discounts, bundles, and personalized offers to increase purchase frequency."
266,Male,29,San Francisco,Gold,1370.2,18,4.7,False,10,Satisfied,3,Gold Premium Customers,"Provide premium products, VIP benefits, exclusive offers, and priority rewards."
267,Male,26,Miami,Silver,690.6,12,3.9,True,47,Unsatisfied,4,Silver Inactive Customers,"Use re-engagement campaigns, reminders, and limited-time offers to encourage return purchases."
268,Female,38,Houston,Bronze,440.9,8,3.2,False,24,Neutral,0,Bronze Regular Customers,Use personalized recommendations and loyalty rewards to encourage higher spending.
269,Female,32,New York,Gold,1160.3,14,4.4,True,22,Satisfied,1,Gold High Value Customers,"Focus on retention, exclusive offers, loyalty benefits, and personalized promotions."
270,Male,34,Los Angeles,Silver,800.2,11,4.1,False,17,Neutral,2,Silver Regular Customers,Encourage repeat purchases through targeted recommendations and moderate promotions.
271,Female,43,Chicago,Bronze,500.75,10,3.3,True,40,Unsatisfied,5,Bronze Discount Customers,"Use targeted discounts, bundles, and personalized offers to increase purchase frequency."
272,Male,30,San Francisco,Gold,1460.5,20,4.8,False,12,Satisfied,3,Gold Premium Customers,"Provide premium products, VIP benefits, exclusive offers, and priority rewards."
273,Male,27,Miami,Silver,700.4,13,4.0,True,53,Unsatisfied,4,Silver Inactive Customers,"Use re-engagement campaigns, reminders, and limited-time offers to encourage return purchases."
274,Female,37,Houston,Bronze,430.8,7,3.4,False,23,Neutral,0,Bronze Regular Customers,Use personalized recommendations and loyalty rewards to encourage higher spending.
275,Female,31,New York,Gold,1140.6,15,4.5,True,27,Satisfied,1,Gold High Value Customers,"Focus on retention, exclusive offers, loyalty benefits, and personalized promotions."
276,Male,35,Los Angeles,Silver,820.9,12,4.3,False,12,Neutral,2,Silver Regular Customers,Encourage repeat purchases through targeted recommendations and moderate promotions.
277,Female,41,Chicago,Bronze,480.25,9,3.6,True,38,Unsatisfied,5,Bronze Discount Customers,"Use targeted discounts, bundles, and personalized offers to increase purchase frequency."
278,Male,28,San Francisco,Gold,1490.1,21,4.9,False,9,Satisfied,3,Gold Premium Customers,"Provide premium products, VIP benefits, exclusive offers, and priority rewards."
279,Male,32,Miami,Silver,680.3,10,3.8,True,32,Unsatisfied,6,Silver Moderate Customers,"Encourage repeat purchases using bundles, personalized recommendations, and loyalty incentives."
280,Female,36,Houston,Bronze,470.5,8,3.0,False,18,Neutral,0,Bronze Regular Customers,Use personalized recommendations and loyalty rewards to encourage higher spending.
281,Female,30,New York,Gold,1180.8,16,4.7,True,19,Satisfied,1,Gold High Value Customers,"Focus on retention, exclusive offers, loyalty benefits, and personalized promotions."
282,Male,34,Los Angeles,Silver,790.2,11,4.0,False,15,Neutral,2,Silver Regular Customers,Encourage repeat purchases through targeted recommendations and moderate promotions.
283,Female,43,Chicago,Bronze,505.75,10,3.3,True,39,Unsatisfied,5,Bronze Discount Customers,"Use targeted discounts, bundles, and personalized offers to increase purchase frequency."
284,Male,30,San Francisco,Gold,1470.5,20,4.8,False,13,Satisfied,3,Gold Premium Customers,"Provide premium products, VIP benefits, exclusive offers, and priority rewards."
285,Male,27,Miami,Silver,710.4,13,4.1,True,54,Unsatisfied,4,Silver Inactive Customers,"Use re-engagement campaigns, reminders, and limited-time offers to encourage return purchases."
286,Female,37,Houston,Bronze,430.8,7,3.4,False,23,Neutral,0,Bronze Regular Customers,Use personalized recommendations and loyalty rewards to encourage higher spending.
287,Female,31,New York,Gold,1130.6,15,4.5,True,26,Satisfied,1,Gold High Value Customers,"Focus on retention, exclusive offers, loyalty benefits, and personalized promotions."
288,Male,35,Los Angeles,Silver,820.9,12,4.3,False,13,Neutral,2,Silver Regular Customers,Encourage repeat purchases through targeted recommendations and moderate promotions.
289,Female,41,Chicago,Bronze,485.25,9,3.6,True,39,Unsatisfied,5,Bronze Discount Customers,"Use targeted discounts, bundles, and personalized offers to increase purchase frequency."
290,Male,28,San Francisco,Gold,1500.1,21,4.9,False,10,Satisfied,3,Gold Premium Customers,"Provide premium products, VIP benefits, exclusive offers, and priority rewards."
291,Male,32,Miami,Silver,670.3,10,3.8,True,33,Unsatisfied,6,Silver Moderate Customers,"Encourage repeat purchases using bundles, personalized recommendations, and loyalty incentives."
292,Female,36,Houston,Bronze,460.5,8,3.1,False,19,Neutral,0,Bronze Regular Customers,Use personalized recommendations and loyalty rewards to encourage higher spending.
293,Female,30,New York,Gold,1190.8,16,4.5,True,20,Satisfied,1,Gold High Value Customers,"Focus on retention, exclusive offers, loyalty benefits, and personalized promotions."
294,Male,33,Los Angeles,Silver,830.75,13,4.2,False,14,Satisfied,2,Silver Regular Customers,Encourage repeat purchases through targeted recommendations and moderate promotions.
295,Female,42,Chicago,Bronze,520.4,9,3.5,True,37,Unsatisfied,5,Bronze Discount Customers,"Use targeted discounts, bundles, and personalized offers to increase purchase frequency."
296,Male,29,San Francisco,Gold,1370.2,18,4.7,False,10,Satisfied,3,Gold Premium Customers,"Provide premium products, VIP benefits, exclusive offers, and priority rewards."
297,Male,26,Miami,Silver,690.6,12,3.9,True,47,Unsatisfied,4,Silver Inactive Customers,"Use re-engagement campaigns, reminders, and limited-time offers to encourage return purchases."
298,Female,38,Houston,Bronze,440.9,8,3.2,False,24,Neutral,0,Bronze Regular Customers,Use personalized recommendations and loyalty rewards to encourage higher spending.
299,Female,32,New York,Gold,1160.3,14,4.4,True,22,Satisfied,1,Gold High Value Customers,"Focus on retention, exclusive offers, loyalty benefits, and personalized promotions."
300,Male,34,Los Angeles,Silver,800.2,11,4.1,False,17,Neutral,2,Silver Regular Customers,Encourage repeat purchases through targeted recommendations and moderate promotions.
301,Male,36,San Francisco,Gold,1420.8,19,4.6,False,11,Satisfied,3,Gold Premium Customers,"Provide premium products, VIP benefits, exclusive offers, and priority rewards."
302,Female,29,Miami,Silver,730.4,14,4.0,True,50,Unsatisfied,4,Silver Inactive Customers,"Use re-engagement campaigns, reminders, and limited-time offers to encourage return purchases."
303,Female,35,Houston,Bronze,450.6,7,3.3,False,21,Neutral,0,Bronze Regular Customers,Use personalized recommendations and loyalty rewards to encourage higher spending.
304,Male,31,New York,Gold,1210.6,17,4.8,True,18,Satisfied,1,Gold High Value Customers,"Focus on retention, exclusive offers, loyalty benefits, and personalized promotions."
305,Male,27,Los Angeles,Silver,780.9,11,4.2,False,16,Neutral,2,Silver Regular Customers,Encourage repeat purchases through targeted recommendations and moderate promotions.
306,Female,42,Chicago,Bronze,495.25,10,3.5,True,35,Unsatisfied,5,Bronze Discount Customers,"Use targeted discounts, bundles, and personalized offers to increase purchase frequency."
307,Male,29,San Francisco,Gold,1390.2,18,4.7,False,9,Satisfied,3,Gold Premium Customers,"Provide premium products, VIP benefits, exclusive offers, and priority rewards."
308,Male,26,Miami,Silver,670.6,12,3.9,True,46,Unsatisfied,4,Silver Inactive Customers,"Use re-engagement campaigns, reminders, and limited-time offers to encourage return purchases."
309,Female,38,Houston,Bronze,460.9,8,3.2,False,25,Neutral,0,Bronze Regular Customers,Use personalized recommendations and loyalty rewards to encourage higher spending.
310,Female,32,New York,Gold,1170.3,14,4.5,True,21,Satisfied,1,Gold High Value Customers,"Focus on retention, exclusive offers, loyalty benefits, and personalized promotions."
311,Male,34,Los Angeles,Silver,810.2,11,4.0,False,14,Neutral,2,Silver Regular Customers,Encourage repeat purchases through targeted recommendations and moderate promotions.
312,Female,43,Chicago,Bronze,515.75,9,3.3,True,38,Unsatisfied,5,Bronze Discount Customers,"Use targeted discounts, bundles, and personalized offers to increase purchase frequency."
313,Male,30,San Francisco,Gold,1450.5,20,4.8,False,12,Satisfied,3,Gold Premium Customers,"Provide premium products, VIP benefits, exclusive offers, and priority rewards."
314,Male,27,Miami,Silver,690.4,13,4.1,True,52,Unsatisfied,4,Silver Inactive Customers,"Use re-engagement campaigns, reminders, and limited-time offers to encourage return purchases."
315,Female,37,Houston,Bronze,420.8,7,3.4,False,24,Neutral,0,Bronze Regular Customers,Use personalized recommendations and loyalty rewards to encourage higher spending.
316,Female,31,New York,Gold,1130.6,15,4.5,True,26,Satisfied,1,Gold High Value Customers,"Focus on retention, exclusive offers, loyalty benefits, and personalized promotions."
317,Male,35,Los Angeles,Silver,820.9,12,4.3,False,13,Neutral,2,Silver Regular Customers,Encourage repeat purchases through targeted recommendations and moderate promotions.
318,Female,41,Chicago,Bronze,480.25,9,3.6,True,39,Unsatisfied,5,Bronze Discount Customers,"Use targeted discounts, bundles, and personalized offers to increase purchase frequency."
319,Male,28,San Francisco,Gold,1490.1,21,4.9,False,9,Satisfied,3,Gold Premium Customers,"Provide premium products, VIP benefits, exclusive offers, and priority rewards."
320,Male,32,Miami,Silver,680.3,10,3.8,True,32,Unsatisfied,6,Silver Moderate Customers,"Encourage repeat purchases using bundles, personalized recommendations, and loyalty incentives."
321,Female,36,Houston,Bronze,470.5,8,3.0,False,18,Neutral,0,Bronze Regular Customers,Use personalized recommendations and loyalty rewards to encourage higher spending.
322,Female,30,New York,Gold,1180.8,16,4.7,True,19,Satisfied,1,Gold High Value Customers,"Focus on retention, exclusive offers, loyalty benefits, and personalized promotions."
323,Male,34,Los Angeles,Silver,790.2,11,4.0,False,15,Neutral,2,Silver Regular Customers,Encourage repeat purchases through targeted recommendations and moderate promotions.
324,Female,43,Chicago,Bronze,505.75,10,3.3,True,39,Unsatisfied,5,Bronze Discount Customers,"Use targeted discounts, bundles, and personalized offers to increase purchase frequency."
325,Male,30,San Francisco,Gold,1470.5,20,4.8,False,13,Satisfied,3,Gold Premium Customers,"Provide premium products, VIP benefits, exclusive offers, and priority rewards."
326,Male,27,Miami,Silver,710.4,13,4.1,True,54,Unsatisfied,4,Silver Inactive Customers,"Use re-engagement campaigns, reminders, and limited-time offers to encourage return purchases."
327,Female,37,Houston,Bronze,430.8,7,3.4,False,23,Neutral,0,Bronze Regular Customers,Use personalized recommendations and loyalty rewards to encourage higher spending.
328,Female,31,New York,Gold,1140.6,15,4.5,True,27,Satisfied,1,Gold High Value Customers,"Focus on retention, exclusive offers, loyalty benefits, and personalized promotions."
329,Male,35,Los Angeles,Silver,820.9,12,4.3,False,13,Neutral,2,Silver Regular Customers,Encourage repeat purchases through targeted recommendations and moderate promotions.
330,Female,41,Chicago,Bronze,485.25,9,3.6,True,39,Unsatisfied,5,Bronze Discount Customers,"Use targeted discounts, bundles, and personalized offers to increase purchase frequency."
331,Male,28,San Francisco,Gold,1500.1,21,4.9,False,10,Satisfied,3,Gold Premium Customers,"Provide premium products, VIP benefits, exclusive offers, and priority rewards."
332,Male,32,Miami,Silver,670.3,10,3.8,True,33,Unsatisfied,6,Silver Moderate Customers,"Encourage repeat purchases using bundles, personalized recommendations, and loyalty incentives."
333,Female,36,Houston,Bronze,460.5,8,3.1,False,19,Neutral,0,Bronze Regular Customers,Use personalized recommendations and loyalty rewards to encourage higher spending.
334,Female,30,New York,Gold,1190.8,16,4.5,True,20,Satisfied,1,Gold High Value Customers,"Focus on retention, exclusive offers, loyalty benefits, and personalized promotions."
335,Male,33,Los Angeles,Silver,830.75,13,4.2,False,14,Satisfied,2,Silver Regular Customers,Encourage repeat purchases through targeted recommendations and moderate promotions.
336,Female,42,Chicago,Bronze,520.4,9,3.5,True,37,Unsatisfied,5,Bronze Discount Customers,"Use targeted discounts, bundles, and personalized offers to increase purchase frequency."
337,Male,29,San Francisco,Gold,1370.2,18,4.7,False,10,Satisfied,3,Gold Premium Customers,"Provide premium products, VIP benefits, exclusive offers, and priority rewards."
338,Male,26,Miami,Silver,690.6,12,3.9,True,47,Unsatisfied,4,Silver Inactive Customers,"Use re-engagement campaigns, reminders, and limited-time offers to encourage return purchases."
339,Female,38,Houston,Bronze,440.9,8,3.2,False,24,Neutral,0,Bronze Regular Customers,Use personalized recommendations and loyalty rewards to encourage higher spending.
340,Female,32,New York,Gold,1160.3,14,4.4,True,22,Satisfied,1,Gold High Value Customers,"Focus on retention, exclusive offers, loyalty benefits, and personalized promotions."
341,Male,34,Los Angeles,Silver,800.2,11,4.1,False,17,Neutral,2,Silver Regular Customers,Encourage repeat purchases through targeted recommendations and moderate promotions.
342,Female,43,Chicago,Bronze,525.75,9,3.3,True,40,Unsatisfied,5,Bronze Discount Customers,"Use targeted discounts, bundles, and personalized offers to increase purchase frequency."
343,Male,30,San Francisco,Gold,1460.5,20,4.8,False,11,Satisfied,3,Gold Premium Customers,"Provide premium products, VIP benefits, exclusive offers, and priority rewards."
344,Male,27,Miami,Silver,720.4,13,4.0,True,55,Unsatisfied,4,Silver Inactive Customers,"Use re-engagement campaigns, reminders, and limited-time offers to encourage return purchases."
345,Female,37,Houston,Bronze,440.8,7,3.2,False,25,Neutral,0,Bronze Regular Customers,Use personalized recommendations and loyalty rewards to encourage higher spending.
346,Female,31,New York,Gold,1150.6,15,4.5,True,28,Satisfied,1,Gold High Value Customers,"Focus on retention, exclusive offers, loyalty benefits, and personalized promotions."
347,Male,35,Los Angeles,Silver,830.9,12,4.3,False,14,Neutral,2,Silver Regular Customers,Encourage repeat purchases through targeted recommendations and moderate promotions.
348,Female,41,Chicago,Bronze,490.25,9,3.6,True,40,Unsatisfied,5,Bronze Discount Customers,"Use targeted discounts, bundles, and personalized offers to increase purchase frequency."
349,Male,28,San Francisco,Gold,1480.1,21,4.9,False,10,Satisfied,3,Gold Premium Customers,"Provide premium products, VIP benefits, exclusive offers, and priority rewards."
350,Male,32,Miami,Silver,690.3,10,3.8,True,34,Unsatisfied,6,Silver Moderate Customers,"Encourage repeat purchases using bundles, personalized recommendations, and loyalty incentives."
351,Female,36,Houston,Bronze,480.5,8,3.1,False,20,Neutral,0,Bronze Regular Customers,Use personalized recommendations and loyalty rewards to encourage higher spending.
352,Female,30,New York,Gold,1170.8,16,4.7,True,21,Satisfied,1,Gold High Value Customers,"Focus on retention, exclusive offers, loyalty benefits, and personalized promotions."
353,Male,34,Los Angeles,Silver,790.2,11,4.0,False,15,Neutral,2,Silver Regular Customers,Encourage repeat purchases through targeted recommendations and moderate promotions.
354,Female,43,Chicago,Bronze,510.75,10,3.3,True,41,Unsatisfied,5,Bronze Discount Customers,"Use targeted discounts, bundles, and personalized offers to increase purchase frequency."
355,Male,30,San Francisco,Gold,1440.5,19,4.6,False,12,Satisfied,3,Gold Premium Customers,"Provide premium products, VIP benefits, exclusive offers, and priority rewards."
356,Male,27,Miami,Silver,700.4,13,4.1,True,56,Unsatisfied,4,Silver Inactive Customers,"Use re-engagement campaigns, reminders, and limited-time offers to encourage return purchases."
357,Female,37,Houston,Bronze,410.8,7,3.4,False,26,Neutral,0,Bronze Regular Customers,Use personalized recommendations and loyalty rewards to encourage higher spending.
358,Female,31,New York,Gold,1160.6,15,4.5,True,29,Satisfied,1,Gold High Value Customers,"Focus on retention, exclusive offers, loyalty benefits, and personalized promotions."
359,Male,35,Los Angeles,Silver,810.9,12,4.3,False,14,Neutral,2,Silver Regular Customers,Encourage repeat purchases through targeted recommendations and moderate promotions.
360,Female,41,Chicago,Bronze,495.25,9,3.6,True,41,Unsatisfied,5,Bronze Discount Customers,"Use targeted discounts, bundles, and personalized offers to increase purchase frequency."
361,Male,28,San Francisco,Gold,1490.1,21,4.9,False,10,Satisfied,3,Gold Premium Customers,"Provide premium products, VIP benefits, exclusive offers, and priority rewards."
362,Male,32,Miami,Silver,660.3,10,3.8,True,35,Unsatisfied,6,Silver Moderate Customers,"Encourage repeat purchases using bundles, personalized recommendations, and loyalty incentives."
363,Female,36,Houston,Bronze,430.5,8,3.1,False,21,Neutral,0,Bronze Regular Customers,Use personalized recommendations and loyalty rewards to encourage higher spending.
364,Female,30,New York,Gold,1200.8,16,4.7,True,22,Satisfied,1,Gold High Value Customers,"Focus on retention, exclusive offers, loyalty benefits, and personalized promotions."
365,Male,34,Los Angeles,Silver,780.2,11,4.1,False,16,Neutral,2,Silver Regular Customers,Encourage repeat purchases through targeted recommendations and moderate promotions.
366,Female,43,Chicago,Bronze,505.75,10,3.3,True,42,Unsatisfied,5,Bronze Discount Customers,"Use targeted discounts, bundles, and personalized offers to increase purchase frequency."
367,Male,30,San Francisco,Gold,1460.5,20,4.8,False,13,Satisfied,3,Gold Premium Customers,"Provide premium products, VIP benefits, exclusive offers, and priority rewards."
368,Male,27,Miami,Silver,710.4,13,4.1,True,57,Unsatisfied,4,Silver Inactive Customers,"Use re-engagement campaigns, reminders, and limited-time offers to encourage return purchases."
369,Female,37,Houston,Bronze,450.8,7,3.4,False,24,Neutral,0,Bronze Regular Customers,Use personalized recommendations and loyalty rewards to encourage higher spending.
370,Female,31,New York,Gold,1140.6,15,4.5,True,30,Satisfied,1,Gold High Value Customers,"Focus on retention, exclusive offers, loyalty benefits, and personalized promotions."
371,Male,35,Los Angeles,Silver,800.9,12,4.1,False,17,Neutral,2,Silver Regular Customers,Encourage repeat purchases through targeted recommendations and moderate promotions.
372,Female,41,Chicago,Bronze,475.25,9,3.6,True,42,Unsatisfied,5,Bronze Discount Customers,"Use targeted discounts, bundles, and personalized offers to increase purchase frequency."
373,Male,28,San Francisco,Gold,1480.1,21,4.9,False,11,Satisfied,3,Gold Premium Customers,"Provide premium products, VIP benefits, exclusive offers, and priority rewards."
374,Male,32,Miami,Silver,660.3,10,3.8,True,36,Unsatisfied,6,Silver Moderate Customers,"Encourage repeat purchases using bundles, personalized recommendations, and loyalty incentives."
375,Female,36,Houston,Bronze,470.5,8,3.0,False,22,Neutral,0,Bronze Regular Customers,Use personalized recommendations and loyalty rewards to encourage higher spending.
376,Female,30,New York,Gold,1190.8,16,4.5,True,23,Satisfied,1,Gold High Value Customers,"Focus on retention, exclusive offers, loyalty benefits, and personalized promotions."
377,Male,33,Los Angeles,Silver,770.2,11,4.2,False,18,Neutral,2,Silver Regular Customers,Encourage repeat purchases through targeted recommendations and moderate promotions.
378,Female,43,Chicago,Bronze,515.75,10,3.3,True,43,Unsatisfied,5,Bronze Discount Customers,"Use targeted discounts, bundles, and personalized offers to increase purchase frequency."
379,Male,30,San Francisco,Gold,1450.5,19,4.6,False,12,Satisfied,3,Gold Premium Customers,"Provide premium products, VIP benefits, exclusive offers, and priority rewards."
380,Male,27,Miami,Silver,710.4,13,4.1,True,58,Unsatisfied,4,Silver Inactive Customers,"Use re-engagement campaigns, reminders, and limited-time offers to encourage return purchases."
381,Female,37,Houston,Bronze,430.8,7,3.4,False,27,Neutral,0,Bronze Regular Customers,Use personalized recommendations and loyalty rewards to encourage higher spending.
382,Female,31,New York,Gold,1160.6,15,4.5,True,31,Satisfied,1,Gold High Value Customers,"Focus on retention, exclusive offers, loyalty benefits, and personalized promotions."
383,Male,35,Los Angeles,Silver,820.9,12,4.3,False,15,Neutral,2,Silver Regular Customers,Encourage repeat purchases through targeted recommendations and moderate promotions.
384,Female,41,Chicago,Bronze,495.25,9,3.6,True,43,Unsatisfied,5,Bronze Discount Customers,"Use targeted discounts, bundles, and personalized offers to increase purchase frequency."
385,Male,28,San Francisco,Gold,1490.1,21,4.9,False,10,Satisfied,3,Gold Premium Customers,"Provide premium products, VIP benefits, exclusive offers, and priority rewards."
386,Male,32,Miami,Silver,660.3,10,3.8,True,37,Unsatisfied,6,Silver Moderate Customers,"Encourage repeat purchases using bundles, personalized recommendations, and loyalty incentives."
387,Female,36,Houston,Bronze,440.5,8,3.1,False,23,Neutral,0,Bronze Regular Customers,Use personalized recommendations and loyalty rewards to encourage higher spending.
388,Female,30,New York,Gold,1200.8,16,4.7,True,24,Satisfied,1,Gold High Value Customers,"Focus on retention, exclusive offers, loyalty benefits, and personalized promotions."
389,Male,34,Los Angeles,Silver,780.2,11,4.1,False,16,Neutral,2,Silver Regular Customers,Encourage repeat purchases through targeted recommendations and moderate promotions.
390,Female,43,Chicago,Bronze,505.75,10,3.3,True,44,Unsatisfied,5,Bronze Discount Customers,"Use targeted discounts, bundles, and personalized offers to increase purchase frequency."
391,Male,30,San Francisco,Gold,1460.5,20,4.8,False,13,Satisfied,3,Gold Premium Customers,"Provide premium products, VIP benefits, exclusive offers, and priority rewards."
392,Male,27,Miami,Silver,710.4,13,4.1,True,59,Unsatisfied,4,Silver Inactive Customers,"Use re-engagement campaigns, reminders, and limited-time offers to encourage return purchases."
393,Female,37,Houston,Bronze,450.8,7,3.4,False,28,Neutral,0,Bronze Regular Customers,Use personalized recommendations and loyalty rewards to encourage higher spending.
394,Female,31,New York,Gold,1140.6,15,4.5,True,32,Satisfied,1,Gold High Value Customers,"Focus on retention, exclusive offers, loyalty benefits, and personalized promotions."
395,Male,35,Los Angeles,Silver,800.9,12,4.1,False,17,Neutral,2,Silver Regular Customers,Encourage repeat purchases through targeted recommendations and moderate promotions.
396,Female,41,Chicago,Bronze,475.25,9,3.6,True,44,Unsatisfied,5,Bronze Discount Customers,"Use targeted discounts, bundles, and personalized offers to increase purchase frequency."
397,Male,28,San Francisco,Gold,1480.1,21,4.9,False,12,Satisfied,3,Gold Premium Customers,"Provide premium products, VIP benefits, exclusive offers, and priority rewards."
398,Male,32,Miami,Silver,660.3,10,3.8,True,38,Unsatisfied,6,Silver Moderate Customers,"Encourage repeat purchases using bundles, personalized recommendations, and loyalty incentives."
399,Female,36,Houston,Bronze,470.5,8,3.0,False,22,Neutral,0,Bronze Regular Customers,Use personalized recommendations and loyalty rewards to encourage higher spending.
400,Female,30,New York,Gold,1190.8,16,4.5,True,25,Satisfied,1,Gold High Value Customers,"Focus on retention, exclusive offers, loyalty benefits, and personalized promotions."
401,Male,33,Los Angeles,Silver,800.2,11,4.1,False,18,Neutral,2,Silver Regular Customers,Encourage repeat purchases through targeted recommendations and moderate promotions.
402,Female,43,Chicago,Bronze,515.75,10,3.3,True,45,Unsatisfied,5,Bronze Discount Customers,"Use targeted discounts, bundles, and personalized offers to increase purchase frequency."
403,Male,30,San Francisco,Gold,1450.5,19,4.6,False,13,Satisfied,3,Gold Premium Customers,"Provide premium products, VIP benefits, exclusive offers, and priority rewards."
404,Male,27,Miami,Silver,710.4,13,4.1,True,60,Unsatisfied,4,Silver Inactive Customers,"Use re-engagement campaigns, reminders, and limited-time offers to encourage return purchases."
405,Female,37,Houston,Bronze,430.8,7,3.4,False,29,Neutral,0,Bronze Regular Customers,Use personalized recommendations and loyalty rewards to encourage higher spending.
406,Female,31,New York,Gold,1160.6,15,4.5,True,33,Satisfied,1,Gold High Value Customers,"Focus on retention, exclusive offers, loyalty benefits, and personalized promotions."
407,Male,35,Los Angeles,Silver,820.9,12,4.3,False,16,Neutral,2,Silver Regular Customers,Encourage repeat purchases through targeted recommendations and moderate promotions.
408,Female,41,Chicago,Bronze,495.25,9,3.6,True,45,Unsatisfied,5,Bronze Discount Customers,"Use targeted discounts, bundles, and personalized offers to increase purchase frequency."
409,Male,28,San Francisco,Gold,1490.1,21,4.9,False,11,Satisfied,3,Gold Premium Customers,"Provide premium products, VIP benefits, exclusive offers, and priority rewards."
410,Male,32,Miami,Silver,660.3,10,3.8,True,39,Unsatisfied,6,Silver Moderate Customers,"Encourage repeat purchases using bundles, personalized recommendations, and loyalty incentives."
411,Female,36,Houston,Bronze,440.5,8,3.1,False,24,Neutral,0,Bronze Regular Customers,Use personalized recommendations and loyalty rewards to encourage higher spending.
412,Female,30,New York,Gold,1200.8,16,4.7,True,25,Satisfied,1,Gold High Value Customers,"Focus on retention, exclusive offers, loyalty benefits, and personalized promotions."
413,Male,34,Los Angeles,Silver,780.2,11,4.1,False,17,Neutral,2,Silver Regular Customers,Encourage repeat purchases through targeted recommendations and moderate promotions.
414,Female,43,Chicago,Bronze,505.75,10,3.3,True,46,Unsatisfied,5,Bronze Discount Customers,"Use targeted discounts, bundles, and personalized offers to increase purchase frequency."
415,Male,30,San Francisco,Gold,1460.5,20,4.8,False,14,Satisfied,3,Gold Premium Customers,"Provide premium products, VIP benefits, exclusive offers, and priority rewards."
416,Male,27,Miami,Silver,710.4,13,4.1,True,61,Unsatisfied,4,Silver Inactive Customers,"Use re-engagement campaigns, reminders, and limited-time offers to encourage return purchases."
417,Female,37,Houston,Bronze,450.8,7,3.4,False,30,Neutral,0,Bronze Regular Customers,Use personalized recommendations and loyalty rewards to encourage higher spending.
418,Female,31,New York,Gold,1140.6,15,4.5,True,34,Satisfied,1,Gold High Value Customers,"Focus on retention, exclusive offers, loyalty benefits, and personalized promotions."
419,Male,35,Los Angeles,Silver,800.9,12,4.1,False,19,Neutral,2,Silver Regular Customers,Encourage repeat purchases through targeted recommendations and moderate promotions.
420,Female,41,Chicago,Bronze,475.25,9,3.6,True,46,Unsatisfied,5,Bronze Discount Customers,"Use targeted discounts, bundles, and personalized offers to increase purchase frequency."
421,Male,28,San Francisco,Gold,1480.1,21,4.9,False,12,Satisfied,3,Gold Premium Customers,"Provide premium products, VIP benefits, exclusive offers, and priority rewards."
422,Male,32,Miami,Silver,660.3,10,3.8,True,40,Unsatisfied,6,Silver Moderate Customers,"Encourage repeat purchases using bundles, personalized recommendations, and loyalty incentives."
423,Female,36,Houston,Bronze,470.5,8,3.0,False,26,Neutral,0,Bronze Regular Customers,Use personalized recommendations and loyalty rewards to encourage higher spending.
424,Female,30,New York,Gold,1190.8,16,4.5,True,27,Satisfied,1,Gold High Value Customers,"Focus on retention, exclusive offers, loyalty benefits, and personalized promotions."
425,Male,34,Los Angeles,Silver,780.2,11,4.2,False,18,Neutral,2,Silver Regular Customers,Encourage repeat purchases through targeted recommendations and moderate promotions.
426,Female,43,Chicago,Bronze,515.75,10,3.3,True,47,Unsatisfied,5,Bronze Discount Customers,"Use targeted discounts, bundles, and personalized offers to increase purchase frequency."
427,Male,30,San Francisco,Gold,1450.5,19,4.6,False,14,Satisfied,3,Gold Premium Customers,"Provide premium products, VIP benefits, exclusive offers, and priority rewards."
428,Male,27,Miami,Silver,710.4,13,4.1,True,62,Unsatisfied,4,Silver Inactive Customers,"Use re-engagement campaigns, reminders, and limited-time offers to encourage return purchases."
429,Female,37,Houston,Bronze,430.8,7,3.4,False,31,Neutral,0,Bronze Regular Customers,Use personalized recommendations and loyalty rewards to encourage higher spending.
430,Female,31,New York,Gold,1160.6,15,4.5,True,35,Satisfied,1,Gold High Value Customers,"Focus on retention, exclusive offers, loyalty benefits, and personalized promotions."
431,Male,35,Los Angeles,Silver,820.9,12,4.3,False,20,Neutral,2,Silver Regular Customers,Encourage repeat purchases through targeted recommendations and moderate promotions.
432,Female,41,Chicago,Bronze,495.25,9,3.6,True,47,Unsatisfied,5,Bronze Discount Customers,"Use targeted discounts, bundles, and personalized offers to increase purchase frequency."
433,Male,28,San Francisco,Gold,1490.1,21,4.9,False,11,Satisfied,3,Gold Premium Customers,"Provide premium products, VIP benefits, exclusive offers, and priority rewards."
434,Male,32,Miami,Silver,660.3,10,3.8,True,41,Unsatisfied,6,Silver Moderate Customers,"Encourage repeat purchases using bundles, personalized recommendations, and loyalty incentives."
435,Female,36,Houston,Bronze,440.5,8,3.1,False,28,Neutral,0,Bronze Regular Customers,Use personalized recommendations and loyalty rewards to encourage higher spending.
436,Female,30,New York,Gold,1200.8,16,4.7,True,28,Satisfied,1,Gold High Value Customers,"Focus on retention, exclusive offers, loyalty benefits, and personalized promotions."
437,Male,34,Los Angeles,Silver,780.2,11,4.1,False,19,Neutral,2,Silver Regular Customers,Encourage repeat purchases through targeted recommendations and moderate promotions.
438,Female,43,Chicago,Bronze,505.75,10,3.3,True,48,Unsatisfied,5,Bronze Discount Customers,"Use targeted discounts, bundles, and personalized offers to increase purchase frequency."
439,Male,30,San Francisco,Gold,1460.5,20,4.8,False,15,Satisfied,3,Gold Premium Customers,"Provide premium products, VIP benefits, exclusive offers, and priority rewards."
440,Male,27,Miami,Silver,710.4,13,4.1,True,63,Unsatisfied,4,Silver Inactive Customers,"Use re-engagement campaigns, reminders, and limited-time offers to encourage return purchases."
441,Female,37,Houston,Bronze,450.8,7,3.4,False,32,Neutral,0,Bronze Regular Customers,Use personalized recommendations and loyalty rewards to encourage higher spending.
442,Female,31,New York,Gold,1140.6,15,4.5,True,36,Satisfied,1,Gold High Value Customers,"Focus on retention, exclusive offers, loyalty benefits, and personalized promotions."
443,Male,35,Los Angeles,Silver,800.9,12,4.1,False,20,Neutral,2,Silver Regular Customers,Encourage repeat purchases through targeted recommendations and moderate promotions.
444,Female,41,Chicago,Bronze,475.25,9,3.6,True,48,Unsatisfied,5,Bronze Discount Customers,"Use targeted discounts, bundles, and personalized offers to increase purchase frequency."
445,Male,28,San Francisco,Gold,1480.1,21,4.9,False,13,Satisfied,3,Gold Premium Customers,"Provide premium products, VIP benefits, exclusive offers, and priority rewards."
446,Male,32,Miami,Silver,660.3,10,3.8,True,42,Unsatisfied,6,Silver Moderate Customers,"Encourage repeat purchases using bundles, personalized recommendations, and loyalty incentives."
447,Female,36,Houston,Bronze,470.5,8,3.0,False,27,Neutral,0,Bronze Regular Customers,Use personalized recommendations and loyalty rewards to encourage higher spending.
448,Female,30,New York,Gold,1190.8,16,4.5,True,28,Satisfied,1,Gold High Value Customers,"Focus on retention, exclusive offers, loyalty benefits, and personalized promotions."
449,Male,34,Los Angeles,Silver,780.2,11,4.2,False,21,Neutral,2,Silver Regular Customers,Encourage repeat purchases through targeted recommendations and moderate promotions.
450,Female,43,Chicago,Bronze,515.75,10,3.3,True,49,Unsatisfied,5,Bronze Discount Customers,"Use targeted discounts, bundles, and personalized offers to increase purchase frequency."
